station,nan_time_count
fm_add_00057,3696
fm_add_00099,35184
fm_add_00100,35184
fm_add_00101,35184
fm_add_00102,35184
fm_add_00103,35184
fm_add_00104,35184
fm_add_00105,35184
fm_add_00106,35184
fm_add_00107,35184
fm_add_00109,35184
fm_add_00110,35184
fm_add_00111,35184
fm_add_00112,35184
fm_add_00113,35184
fm_add_00114,35184
fm_add_00115,35184
fm_add_00116,35184
fm_add_00117,35184
fm_add_00118,35184
fm_add_00119,35184
fm_add_00120,35184
fm_add_00121,35184
fm_add_00122,35184
fm_add_00123,35184
fm_add_00124,35184
fm_add_00125,34440
fm_add_00126,34440
fm_add_00127,34440
fm_add_00128,34440
fm_add_00129,34440
fm_add_00130,34440
fm_add_00131,34440
fm_add_00132,34440
fm_add_00133,34440
fm_add_00134,34440
fm_add_00135,34440
fm_add_00136,33696
fm_add_00137,33696
fm_add_00138,32976
fm_add_00139,32976
fm_add_00140,32976
fm_add_00141,32976
fm_add_00142,32976
fm_add_00143,32976
fm_add_00147,32976
fm_add_00154,32232
fm_add_00155,32232
fm_add_00156,32232
fm_add_00157,32232
fm_add_00158,32232
fm_add_00159,32232
fm_add_00160,32232
fm_add_00161,32232
fm_add_00162,32232
fm_add_00163,32232
fm_add_00164,32232
fm_add_00165,32232
fm_add_00166,31512
1d2d_54,13296
1d2d_56,13296
1d2d_57,13296
1d2d_58,13296
fm_add_140,12552
Lofall,11088
NOAA_9445016_Foulweather_Bluff,11088
NOAA_9445133_Bangor,11088
Bainbridge_Island_1_45,5160
Bainbridge_Island_2_45,5160
Bainbridge_Island_3_45,5880
Bainbridge_Island_4_45,5160
Bainbridge_Island_5_45,5160
Bainbridge_Island_6_45,5880
Bainbridge_Island_7_45,5160
Bainbridge_Island_8_45,5160
Bainbridge_Island_9_45,5160
Bainbridge_Island_10_45,5160
Bainbridge_Island_11_45,5880
Bainbridge_Island_12_45,4416
Bainbridge_Island_13_45,4416
Bainbridge_Island_14_45,5160
Bainbridge_Island_15_45,4416
Bainbridge_Island_16_45,4416
Bainbridge_Island_17_45,5136
Bainbridge_Island_18_45,4416
Bainbridge_Island_19_45,4416
Bainbridge_Island_20_45,4416
Bainbridge_Island_21_45,4416
Bainbridge_Island_22_45,4416
Bainbridge_Island_23_45,4416
Bainbridge_Island_24_45,4416
Bainbridge_Island_25_45,4416
Bainbridge_Island_26_45,4416
Bainbridge_Island_27_45,4416
Bainbridge_Island_28_45,4416
Bainbridge_Island_29_45,4416
Bainbridge_Island_30_45,4416
Bainbridge_Island_31_45,4416
Bainbridge_Island_32_45,4416
Bainbridge_Island_34_45,4416
Bainbridge_Island_35_45,4416
Bainbridge_Island_36_45,4416
Bainbridge_Island_37_45,4416
Bainbridge_Island_38_45,4416
Bainbridge_Island_39_45,4416
Bainbridge_Island_40_45,4416
Bainbridge_Island_41_45,3696
Bainbridge_Island_42_45,3696
Bainbridge_Island_43_45,4416
Bainbridge_Island_44_45,3696
Bainbridge_Island_45_45,3696
Blake_Island_1_14,3696
Blake_Island_2_14,3696
Blake_Island_3_14,4416
Blake_Island_4_14,3696
Blake_Island_5_14,3696
Blake_Island_6_14,3696
Blake_Island_7_14,3696
Blake_Island_8_14,3696
Blake_Island_9_14,3696
Blake_Island_10_14,3696
Blake_Island_11_14,3696
Blake_Island_12_14,3696
Blake_Island_13_14,3696
Blake_Island_14_14,3696
SFINCS_0758_Kitsap,28632
SFINCS_0759_Kitsap,28632
SFINCS_0760_Kitsap,29352
SFINCS_0761_Kitsap,28632
SFINCS_0762_Kitsap,28632
SFINCS_0763_Kitsap,28632
SFINCS_0764_Kitsap,28632
SFINCS_0765_Kitsap,28632
SFINCS_0766_Kitsap,28632
SFINCS_0767_Kitsap,28632
SFINCS_0768_Kitsap,28632
SFINCS_0769_Kitsap,28632
SFINCS_0770_Kitsap,28632
SFINCS_0771_Kitsap,28632
SFINCS_0772_Kitsap,28632
SFINCS_0773_Kitsap,28632
SFINCS_0774_Kitsap,28632
SFINCS_0775_Kitsap,27912
SFINCS_0776_Kitsap,27912
SFINCS_0777_Kitsap,27912
SFINCS_0778_Kitsap,27912
SFINCS_0779_Kitsap,27912
SFINCS_0780_Kitsap,27912
SFINCS_0781_Kitsap,27912
SFINCS_0782_Kitsap,27912
SFINCS_0783_Kitsap,27912
SFINCS_0784_Kitsap,27912
SFINCS_0785_Kitsap,27912
SFINCS_0786_Kitsap,27912
SFINCS_0787_Kitsap,27912
SFINCS_0788_Kitsap,27912
SFINCS_0789_Kitsap,27912
SFINCS_0790_Kitsap,27912
SFINCS_0791_Kitsap,27912
SFINCS_0792_Kitsap,27912
SFINCS_0793_Kitsap,27912
SFINCS_0794_Kitsap,27912
SFINCS_0795_Kitsap,27912
SFINCS_0796_Kitsap,27912
SFINCS_0797_Kitsap,27912
SFINCS_0798_Kitsap,27912
SFINCS_0799_Kitsap,27912
SFINCS_0800_Kitsap,27912
SFINCS_0801_Kitsap,27912
SFINCS_0802_Kitsap,27912
SFINCS_0803_Kitsap,27912
SFINCS_0804_Kitsap,27912
SFINCS_0805_Kitsap,27912
SFINCS_0806_Kitsap,27912
SFINCS_0807_Kitsap,27192
SFINCS_0808_Kitsap,27192
SFINCS_0809_Kitsap,27192
SFINCS_0810_Kitsap,27192
SFINCS_0811_Kitsap,27192
SFINCS_0812_Kitsap,27192
SFINCS_0813_Kitsap,27192
SFINCS_0814_Kitsap,27192
SFINCS_0815_Kitsap,27192
SFINCS_0816_Kitsap,27192
SFINCS_0817_Kitsap,27192
SFINCS_0818_Kitsap,27192
SFINCS_0819_Kitsap,27192
SFINCS_0820_Kitsap,27192
SFINCS_0821_Kitsap,27192
SFINCS_0822_Kitsap,27192
SFINCS_0823_Kitsap,27192
SFINCS_0824_Kitsap,27192
SFINCS_0825_Kitsap,27192
SFINCS_0826_Kitsap,27192
SFINCS_0827_Kitsap,27192
SFINCS_0828_Kitsap,27192
SFINCS_0829_Kitsap,27192
SFINCS_0830_Kitsap,27192
SFINCS_0831_Kitsap,27192
SFINCS_0832_Kitsap,27192
SFINCS_0833_Kitsap,27192
SFINCS_0834_Kitsap,27192
SFINCS_0835_Kitsap,27192
SFINCS_0836_Kitsap,27192
SFINCS_0837_Kitsap,27192
SFINCS_0838_Kitsap,27192
SFINCS_0839_Kitsap,27192
SFINCS_0840_Kitsap,27192
SFINCS_0841_Kitsap,27192
SFINCS_0842_Kitsap,27192
SFINCS_0843_Kitsap,27192
SFINCS_0844_Kitsap,27192
SFINCS_0845_Kitsap,27192
SFINCS_0846_Kitsap,27192
SFINCS_0847_Kitsap,27192
SFINCS_0848_Kitsap,26448
SFINCS_0849_Kitsap,26448
SFINCS_0850_Kitsap,26448
SFINCS_0851_Kitsap,26448
SFINCS_0852_Kitsap,26448
SFINCS_0853_Kitsap,26448
SFINCS_0854_Kitsap,26448
SFINCS_0855_Kitsap,26448
SFINCS_0856_Kitsap,26448
SFINCS_0857_Kitsap,26448
SFINCS_0858_Kitsap,26448
SFINCS_0859_Kitsap,26448
SFINCS_0860_Kitsap,26448
SFINCS_0861_Kitsap,26448
SFINCS_0862_Kitsap,26448
SFINCS_0863_Kitsap,26448
SFINCS_0864_Kitsap,26448
SFINCS_0865_Kitsap,26448
SFINCS_0866_Kitsap,26448
SFINCS_0867_Kitsap,26448
SFINCS_0868_Kitsap,26448
SFINCS_0869_Kitsap,26448
SFINCS_0870_Kitsap,26448
SFINCS_0871_Kitsap,26448
SFINCS_0872_Kitsap,26448
SFINCS_0873_Kitsap,26448
SFINCS_0874_Kitsap,26448
SFINCS_0875_Kitsap,26448
SFINCS_0876_Kitsap,26448
SFINCS_0877_Kitsap,26448
SFINCS_0878_Kitsap,26448
SFINCS_0879_Kitsap,26448
SFINCS_0880_Kitsap,26448
SFINCS_0881_Kitsap,26448
SFINCS_0882_Kitsap,26448
SFINCS_0883_Kitsap,26448
SFINCS_0884_Kitsap,26448
SFINCS_0885_Kitsap,26448
SFINCS_0886_Kitsap,26448
SFINCS_0887_Kitsap,26448
SFINCS_0888_Kitsap,26448
SFINCS_0889_Kitsap,26448
SFINCS_0890_Kitsap,26448
SFINCS_0891_Kitsap,26448
SFINCS_0892_Kitsap,26448
SFINCS_0893_Kitsap,26448
SFINCS_0894_Kitsap,26448
SFINCS_0895_Kitsap,26448
SFINCS_0896_Kitsap,26448
SFINCS_0897_Kitsap,26448
SFINCS_0898_Kitsap,26448
SFINCS_0899_Kitsap,26448
SFINCS_0900_Kitsap,26448
SFINCS_0901_Kitsap,26448
SFINCS_0902_Kitsap,26448
SFINCS_0903_Kitsap,26448
SFINCS_0904_Kitsap,26448
SFINCS_0905_Kitsap,26448
SFINCS_0906_Kitsap,26448
SFINCS_0907_Kitsap,26448
SFINCS_0908_Kitsap,26448
SFINCS_0909_Kitsap,26448
SFINCS_0910_Kitsap,25728
SFINCS_0911_Kitsap,25728
SFINCS_0912_Kitsap,26448
SFINCS_0913_Kitsap,25728
SFINCS_0914_Kitsap,25728
SFINCS_0915_Kitsap,25728
SFINCS_0916_Kitsap,25728
SFINCS_0917_Kitsap,25728
SFINCS_0918_Kitsap,25728
SFINCS_0919_Kitsap,25728
SFINCS_0920_Kitsap,25728
SFINCS_0921_Kitsap,25728
SFINCS_0922_Kitsap,25728
SFINCS_0923_Kitsap,25728
SFINCS_0924_Kitsap,25728
SFINCS_0925_Kitsap,25728
SFINCS_0926_Kitsap,25728
SFINCS_0927_Kitsap,25728
SFINCS_0928_Kitsap,25728
SFINCS_0929_Kitsap,25728
SFINCS_0930_Kitsap,25728
SFINCS_0931_Kitsap,25728
SFINCS_0932_Kitsap,25728
SFINCS_0933_Kitsap,25728
SFINCS_0934_Kitsap,25728
SFINCS_0935_Kitsap,25728
SFINCS_0936_Kitsap,25728
SFINCS_0937_Kitsap,25728
SFINCS_0938_Kitsap,25728
SFINCS_0939_Kitsap,25728
USGS_Lofall,14784
